{
  "timestamp": "2025-12-21T01:49:41.100954",
  "ground_truth_path": "evaluation_data\\ground_truth.csv",
  "results": {
    "mrr": 0.22210363534684335,
    "ndcg_at_5": 0.21237686361665073,
    "ndcg_at_10": 0.26902975921997463,
    "ndcg_at_30": 0.3506425884370472,
    "hit_rate_at_5": 0.314,
    "hit_rate_at_10": 0.488,
    "hit_rate_at_30": 0.8275,
    "num_queries": 2000,
    "num_hits_at_5": 628,
    "num_hits_at_10": 976,
    "num_hits_at_30": 1655
  }
}