{
  "timestamp": "2025-12-21T22:34:48.823134",
  "ground_truth_path": "evaluation_data\\ground_truth.csv",
  "results": {
    "mrr": 0.7330157845929903,
    "ndcg_at_5": 0.7658611469321218,
    "ndcg_at_10": 0.7857432559766444,
    "ndcg_at_30": 0.8057768484813619,
    "hit_rate_at_5": 0.8716356107660456,
    "hit_rate_at_10": 0.9226190476190477,
    "hit_rate_at_30": 0.9648033126293996,
    "num_queries": 3864,
    "num_hits_at_5": 3368,
    "num_hits_at_10": 3565,
    "num_hits_at_30": 3728
  }
}